<?xml version="1.0" encoding="UTF-8"?>
<project-private xmlns="http://www.netbeans.org/ns/project-private/1">
    <editor-bookmarks xmlns="http://www.netbeans.org/ns/editor-bookmarks/2" lastBookmarkId="0"/>
    <open-files xmlns="http://www.netbeans.org/ns/projectui-open-files/2">
        <group>
            <file>file:/C:/Users/S549406/Documents/NetBeansProjects/Palavelli_A_Lab04Conditions/src/exercises/Ex3_Palavelli_A.java</file>
            <file>file:/C:/Users/S549406/Documents/NetBeansProjects/Palavelli_A_Lab04Conditions/src/exercises/Ex2_Palavelli_A.java</file>
            <file>file:/C:/Users/S549406/Documents/NetBeansProjects/Palavelli_A_Lab04Conditions/src/exercises/Ex1_Palavelli_A.java</file>
        </group>
    </open-files>
</project-private>
